"username";"email";"wallet_address";"BookId"
"alice";"alice@example.com";"0xAbC1234567890DefABC1234567890defABC12345";"0195153448"
"bob";"bob@example.com";"0xBcd2345678901EfABC2345678901efABC234567";"0002005018"
"carol";"carol@example.com";"0xCde3456789012Fabc3456789012fABC345678901";"0060973129"
"dave";"dave@example.com";"0xDef4567890123Abc4567890123aBC45678901234";"0374157065"
"eve";"eve@example.com";"0xEfg5678901234Bcd5678901234bCD56789012345";"0393045218"
"frank";"frank@example.com";"0xFgh6789012345Cde6789012345cDE67890123456";"0399135782"
"grace";"grace@example.com";"0xGhi7890123456Def7890123456dEF78901234567";"0425176428"
"heidi";"heidi@example.com";"0xHij8901234567Efg8901234567EfG89012345678";"0671870432"
"ivan";"ivan@example.com";"0xIjk9012345678Fgh9012345678FgH90123456789";"0679425608"
"judy";"judy@example.com";"0xJkl0123456789Ghi0123456789GhI01234567890";"074322678X"


